{"cameraMode":{"drawMode":0,"name":"Shaded","section":"Shading Mode"},"sceneLighting":true,"audioPlay":false,"sceneViewState":{"showFog":true,"showMaterialUpdate":true,"showSkybox":true,"showFlares":true,"showImageEffects":true,"showParticleSystems":true},"in2DMode":false,"pivot":{"x":-13.38779354095459,"y":39.66059875488281,"z":-39.09782028198242},"rotation":{"x":0.21812163293361665,"y":0.011135520413517952,"z":-0.0024577470030635597,"w":0.975870668888092},"size":48.71549606323242,"orthographic":false}