{"cameraMode":{"drawMode":0,"name":"Shaded","section":"Shading Mode"},"sceneLighting":true,"audioPlay":false,"sceneViewState":{"showFog":true,"showMaterialUpdate":true,"showSkybox":true,"showFlares":true,"showImageEffects":true,"showParticleSystems":true},"in2DMode":false,"pivot":{"x":3.34991717338562,"y":-8.737573623657227,"z":-4.92641544342041},"rotation":{"x":-0.06290917098522186,"y":-0.5381490588188171,"z":0.040158554911613467,"w":-0.8395944237709045},"size":6.313383102416992,"orthographic":false}