{"cameraMode":{"drawMode":0,"name":"Shaded","section":"Shading Mode"},"sceneLighting":true,"audioPlay":false,"sceneViewState":{"showFog":true,"showMaterialUpdate":true,"showSkybox":true,"showFlares":true,"showImageEffects":true,"showParticleSystems":true},"in2DMode":false,"pivot":{"x":-9.186359405517579,"y":-18.751079559326173,"z":-0.02203167974948883},"rotation":{"x":0.3380914628505707,"y":-0.2724241316318512,"z":0.10295511037111283,"w":0.8949931859970093},"size":24.935279846191408,"orthographic":false}