{"cameraMode":{"drawMode":0,"name":"Shaded","section":"Shading Mode"},"sceneLighting":false,"audioPlay":false,"sceneViewState":{"showFog":true,"showMaterialUpdate":true,"showSkybox":false,"showFlares":true,"showImageEffects":true,"showParticleSystems":true},"in2DMode":false,"pivot":{"x":1.1700260639190674,"y":5.037851333618164,"z":86.35649871826172},"rotation":{"x":0.25447240471839907,"y":-0.74537193775177,"z":0.43213486671447756,"w":0.4393308460712433},"size":19.831575393676759,"orthographic":false}