{"cameraMode":{"drawMode":0,"name":"Shaded","section":"Shading Mode"},"sceneLighting":false,"audioPlay":false,"sceneViewState":{"showFog":true,"showMaterialUpdate":true,"showSkybox":false,"showFlares":true,"showImageEffects":true,"showParticleSystems":true},"in2DMode":false,"pivot":{"x":12.238309860229493,"y":14.844651222229004,"z":68.36267852783203},"rotation":{"x":0.25447240471839907,"y":-0.74537193775177,"z":0.43213486671447756,"w":0.4393308460712433},"size":3.5368340015411379,"orthographic":false}