{"cameraMode":{"drawMode":0,"name":"Shaded","section":"Shading Mode"},"sceneLighting":false,"audioPlay":false,"sceneViewState":{"showFog":true,"showMaterialUpdate":true,"showSkybox":false,"showFlares":true,"showImageEffects":true,"showParticleSystems":true},"in2DMode":false,"pivot":{"x":0.0,"y":0.22431981563568116,"z":-0.02884574979543686},"rotation":{"x":-0.19801200926303864,"y":0.041439276188611987,"z":-0.008430371060967446,"w":-0.9793545603752136},"size":1.1986106634140015,"orthographic":false}