{"cameraMode":{"drawMode":0,"name":"Shaded","section":"Shading Mode"},"sceneLighting":false,"audioPlay":false,"sceneViewState":{"showFog":true,"showMaterialUpdate":false,"showSkybox":false,"showFlares":true,"showImageEffects":true,"showParticleSystems":true},"in2DMode":false,"pivot":{"x":-0.0006009936332702637,"y":1.8455007076263428,"z":-0.000002086162567138672},"rotation":{"x":0.08811841905117035,"y":-0.6183637976646423,"z":0.07005555927753449,"w":0.7778069972991943},"size":6.812408924102783,"orthographic":false}