{"cameraMode":{"drawMode":0,"name":"Shaded","section":"Shading Mode"},"sceneLighting":false,"audioPlay":false,"sceneViewState":{"showFog":true,"showMaterialUpdate":true,"showSkybox":false,"showFlares":true,"showImageEffects":true,"showParticleSystems":true},"in2DMode":false,"pivot":{"x":12.238309860229493,"y":14.844651222229004,"z":68.36267852783203},"rotation":{"x":0.08630520850419998,"y":-0.8420045375823975,"z":0.14184141159057618,"w":0.5133700370788574},"size":2.036834239959717,"orthographic":false}