{"cameraMode":{"drawMode":0,"name":"Shaded","section":"Shading Mode"},"sceneLighting":false,"audioPlay":false,"sceneViewState":{"showFog":true,"showMaterialUpdate":true,"showSkybox":false,"showFlares":true,"showImageEffects":true,"showParticleSystems":true},"in2DMode":false,"pivot":{"x":0.9767093658447266,"y":2.7343578338623049,"z":39.13960266113281},"rotation":{"x":-0.136353000998497,"y":-0.6862383484840393,"z":0.13308760523796082,"w":-0.7020443677902222},"size":25.464061737060548,"orthographic":false}