{"cameraMode":{"drawMode":0,"name":"Shaded","section":"Shading Mode"},"sceneLighting":false,"audioPlay":false,"sceneViewState":{"showFog":true,"showMaterialUpdate":true,"showSkybox":false,"showFlares":true,"showImageEffects":true,"showParticleSystems":true},"in2DMode":false,"pivot":{"x":-6.784006595611572,"y":-12.497135162353516,"z":-7.020297527313232},"rotation":{"x":-0.00002692609814403113,"y":-0.7151642441749573,"z":-0.00002689603752514813,"w":-0.699038565158844},"size":2.0339996814727785,"orthographic":false}