{"cameraMode":{"drawMode":0,"name":"Shaded","section":"Shading Mode"},"sceneLighting":false,"audioPlay":false,"sceneViewState":{"showFog":true,"showMaterialUpdate":true,"showSkybox":false,"showFlares":true,"showImageEffects":true,"showParticleSystems":true},"in2DMode":false,"pivot":{"x":-6.784006595611572,"y":-12.497135162353516,"z":-7.020297527313232},"rotation":{"x":-0.10321243107318878,"y":-0.6877627968788147,"z":0.09971213340759278,"w":-0.7116890549659729},"size":2.0339996814727785,"orthographic":false}