{"cameraMode":{"drawMode":0,"name":"Shaded","section":"Shading Mode"},"sceneLighting":false,"audioPlay":false,"sceneViewState":{"showFog":true,"showMaterialUpdate":true,"showSkybox":false,"showFlares":true,"showImageEffects":true,"showParticleSystems":true},"in2DMode":false,"pivot":{"x":-1.7338807582855225,"y":-1.9860312938690186,"z":-3.7761616706848146},"rotation":{"x":0.25447240471839907,"y":-0.74537193775177,"z":0.43213486671447756,"w":0.4393308460712433},"size":6.835338115692139,"orthographic":false}