{"cameraMode":{"drawMode":0,"name":"Shaded","section":"Shading Mode"},"sceneLighting":false,"audioPlay":false,"sceneViewState":{"showFog":true,"showMaterialUpdate":true,"showSkybox":false,"showFlares":true,"showImageEffects":true,"showParticleSystems":true},"in2DMode":false,"pivot":{"x":-0.3639270067214966,"y":0.8427281379699707,"z":-0.5168564915657044},"rotation":{"x":-0.16264085471630097,"y":-0.8354277014732361,"z":0.3378167152404785,"w":-0.4019834101200104},"size":2.4949324131011965,"orthographic":false}