{"cameraMode":{"drawMode":0,"name":"Shaded","section":"Shading Mode"},"sceneLighting":false,"audioPlay":false,"sceneViewState":{"showFog":true,"showMaterialUpdate":true,"showSkybox":false,"showFlares":true,"showImageEffects":true,"showParticleSystems":true},"in2DMode":false,"pivot":{"x":71.86709594726563,"y":0.6403853893280029,"z":62.02576446533203},"rotation":{"x":-0.12260539084672928,"y":-0.4974674880504608,"z":0.07109712064266205,"w":-0.8558812737464905},"size":13.690826416015625,"orthographic":false}