{"cameraMode":{"drawMode":0,"name":"Shaded","section":"Shading Mode"},"sceneLighting":true,"audioPlay":false,"sceneViewState":{"showFog":true,"showMaterialUpdate":true,"showSkybox":true,"showFlares":true,"showImageEffects":true,"showParticleSystems":true},"in2DMode":false,"pivot":{"x":0.06852942705154419,"y":-8.307762145996094,"z":-7.469669818878174},"rotation":{"x":-0.0524788536131382,"y":0.14952915906906129,"z":-0.007950141094624997,"w":-0.9873972535133362},"size":3.860692024230957,"orthographic":false}