{"cameraMode":{"drawMode":0,"name":"Shaded","section":"Shading Mode"},"sceneLighting":false,"audioPlay":false,"sceneViewState":{"showFog":true,"showMaterialUpdate":true,"showSkybox":false,"showFlares":true,"showImageEffects":true,"showParticleSystems":true},"in2DMode":false,"pivot":{"x":55.84620666503906,"y":40.14716339111328,"z":62.72893524169922},"rotation":{"x":0.09335417300462723,"y":-0.897125780582428,"z":0.2293361872434616,"w":0.3659830391407013},"size":195.15577697753907,"orthographic":false}