{"cameraMode":{"drawMode":0,"name":"Shaded","section":"Shading Mode"},"sceneLighting":false,"audioPlay":false,"sceneViewState":{"showFog":true,"showMaterialUpdate":true,"showSkybox":false,"showFlares":true,"showImageEffects":true,"showParticleSystems":true},"in2DMode":false,"pivot":{"x":0.0011975765228271485,"y":1.8494638204574586,"z":-0.0009694099426269531},"rotation":{"x":0.005947744939476252,"y":-0.980941116809845,"z":0.19191691279411317,"w":0.031230108812451364},"size":3.8290040493011476,"orthographic":false}