{"cameraMode":{"drawMode":0,"name":"Shaded","section":"Shading Mode"},"sceneLighting":false,"audioPlay":false,"sceneViewState":{"showFog":true,"showMaterialUpdate":false,"showSkybox":false,"showFlares":true,"showImageEffects":true,"showParticleSystems":true},"in2DMode":false,"pivot":{"x":-6.843594551086426,"y":4.449446678161621,"z":91.93911743164063},"rotation":{"x":0.0861881747841835,"y":-0.6138949990272522,"z":0.06769031286239624,"w":0.7817697525024414},"size":27.627304077148439,"orthographic":false}