{"cameraMode":{"drawMode":0,"name":"Shaded","section":"Shading Mode"},"sceneLighting":true,"audioPlay":false,"sceneViewState":{"showFog":true,"showMaterialUpdate":true,"showSkybox":true,"showFlares":true,"showImageEffects":true,"showParticleSystems":true},"in2DMode":false,"pivot":{"x":2.048304796218872,"y":-8.072347640991211,"z":-5.119627475738525},"rotation":{"x":-0.0994216799736023,"y":-0.019702743738889695,"z":0.0019656135700643064,"w":-0.9949084520339966},"size":3.493703842163086,"orthographic":false}