{"cameraMode":{"drawMode":0,"name":"Shaded","section":"Shading Mode"},"sceneLighting":false,"audioPlay":false,"sceneViewState":{"showFog":true,"showMaterialUpdate":true,"showSkybox":false,"showFlares":true,"showImageEffects":true,"showParticleSystems":true},"in2DMode":false,"pivot":{"x":71.52953338623047,"y":4.270317077636719,"z":62.09736633300781},"rotation":{"x":0.25447240471839907,"y":-0.74537193775177,"z":0.43213486671447756,"w":0.4393308460712433},"size":15.118258476257325,"orthographic":false}