{"cameraMode":{"drawMode":0,"name":"Shaded","section":"Shading Mode"},"sceneLighting":true,"audioPlay":false,"sceneViewState":{"showFog":true,"showMaterialUpdate":true,"showSkybox":true,"showFlares":true,"showImageEffects":true,"showParticleSystems":true},"in2DMode":false,"pivot":{"x":-0.3497074246406555,"y":-12.370019912719727,"z":9.339345932006836},"rotation":{"x":0.21973353624343873,"y":-0.03802170604467392,"z":0.008609212003648281,"w":0.9748486280441284},"size":7.30989408493042,"orthographic":false}